id,wardrobe,name,category,sizes,price,status,image,notes,tags
W001,,,,,,,,,
W002,The 203 Collection,Smooth Spacer Classic-Fit Pullover Hoodie,Hoodie,,,,/inventory/smooth-spacer-classic-fit-pullover-hoodie.jpg,,
W003,The 203 Collection,Steady State Pullover Hoodie,Hoodie,M,,,/inventory/steady-state-pullover-hoodie.jpg,,
W004,The 203 Collection,Seaside Shirt Jacket,Coat,M,,available,/inventory/seaside-shirt-jacket.jpg,,
W005,The 203 Collection,Seaside Sweatpant - Long,Sweatpants,M,,,/inventory/seaside-sweatpant---long.jpg,,
W006,The 203 Collection,Men’s 1996 Retro Nuptse Jacket,Jacket,M,,,/inventory/men’s-1996-retro-nuptse-jacket.jpg,,
W007,The 203 Collection,Commuter® Pant - Classic,pants,M,,,/inventory/commuter®-pant---classic.jpg,,
W008,The 203 Collection,Commuter® 1/4 Zip Sweater,Qzip,M,,,/inventory/commuter®-1/4-zip-sweater.jpg,,
W009,Old Money Staples,Men’s Arden Cotton-Linen Lapel Shirt,long sleeve buttondown,M,,,/inventory/men’s-arden-cotton-linen-lapel-shirt.jpg,,
W010,Old Money Staples,Linen Blend Cuban Collar Shirt in Stone,long sleeve buttondown,M,,,/inventory/linen-blend-cuban-collar-shirt-in-stone.jpg,,
W011,Old Money Staples,Featherweight Performance Polo - Warwick Stripe,Polo,M,,,/inventory/featherweight-performance-polo---warwick-stripe.jpg,,
W012,Kennebunkport Classics,The Iconic Mesh Polo Shirt,Polo,M,,available,/inventory/the-iconic-mesh-polo-shirt.jpg,,
W013,PSU 2nd and 3rd quarter ,Men's Faux Shearling-Lined Denim Shirt Jacket,Jacket,M,,,/inventory/mens-faux-shearling-lined-denim-shirt-jacket.jpg,,
W014,The Deacon’s Suitcase move in,Aurora Performance Long-Sleeve T-Shirt,Long Sleeve,M,,,/inventory/aurora-performance-long-sleeve-t-shirt.jpg,,
W015,PSU 2nd and 3rd quarter ,Summit Fleece Full-Zip,Fleece Full-Zip,M,,,/inventory/summit-fleece-full-zip.jpg,,
W016,Kennebunkport Classics,Sunwashed Tee - White Surf Stripe,T-Shirt,M,,,/inventory/sunwashed-tee---white-surf-stripe.jpg,,
W017,,,,,,,,,
W018,,,,,,,,,
W019,,,,,,,,,
W020,,,,,,,,,
W021,,,,,,,,,
W022,,,,,,,,,
W023,,,,,,,,,
W024,,,,,,,,,
W025,,,,,,,,,
W026,,,,,,,,,
W027,,,,,,,,,
W028,,,,,,,,,
W029,,,,,,,,,
W030,,,,,,,,,
W031,,,,,,,,,
W032,,,,,,,,,
W033,,,,,,,,,
W034,,,,,,,,,
W035,,,,,,,,,
W036,,,,,,,,,
W037,,,,,,,,,
W038,,,,,,,,,
W039,,,,,,,,,
W040,,,,,,,,,
W041,,,,,,,,,
W042,,,,,,,,,
W043,,,,,,,,,
W044,,,,,,,,,
W045,,,,,,,,,
W046,,,,,,,,,
W047,,,,,,,,,
W048,,,,,,,,,
W049,,,,,,,,,
W050,,,,,,,,,
W051,,,,,,,,,
W052,,,,,,,,,
W053,,,,,,,,,
W054,,,,,,,,,
W055,,,,,,,,,
W056,,,,,,,,,
W057,,,,,,,,,
W058,,,,,,,,,
W059,,,,,,,,,
W060,,,,,,,,,
W061,,,,,,,,,
W062,,,,,,,,,
W063,,,,,,,,,
W064,,,,,,,,,
W065,,,,,,,,,
W066,,,,,,,,,
W067,,,,,,,,,
W068,,,,,,,,,
W069,,,,,,,,,
W070,,,,,,,,,
W071,,,,,,,,,
W072,,,,,,,,,
W073,,,,,,,,,
W074,,,,,,,,,
W075,,,,,,,,,
W076,,,,,,,,,
W077,,,,,,,,,
W078,,,,,,,,,
W079,,,,,,,,,
W080,,,,,,,,,
W081,,,,,,,,,
W082,,,,,,,,,
W083,,,,,,,,,
W084,,,,,,,,,
W085,,,,,,,,,
W086,,,,,,,,,
W087,,,,,,,,,
W088,,,,,,,,,
W089,,,,,,,,,
W090,,,,,,,,,
W091,,,,,,,,,
W092,,,,,,,,,
W093,,,,,,,,,
W094,,,,,,,,,
W095,,,,,,,,,
W096,,,,,,,,,
W097,,,,,,,,,
W098,,,,,,,,,
W099,,,,,,,,,
W100,,,,,,,,,
W101,,,,,,,,,
W102,,,,,,,,,
W103,,,,,,,,,
W104,,,,,,,,,
W105,,,,,,,,,
W106,,,,,,,,,
W107,,,,,,,,,
W108,,,,,,,,,
W109,,,,,,,,,
W110,,,,,,,,,
W111,,,,,,,,,
W112,,,,,,,,,
W113,,,,,,,,,
W114,,,,,,,,,
W115,,,,,,,,,
W116,,,,,,,,,
W117,,,,,,,,,
W118,,,,,,,,,
W119,,,,,,,,,
W120,,,,,,,,,
W121,,,,,,,,,
W122,,,,,,,,,
W123,,,,,,,,,
W124,,,,,,,,,
W125,,,,,,,,,
W126,,,,,,,,,
W127,,,,,,,,,
W128,,,,,,,,,
W129,,,,,,,,,
W130,,,,,,,,,
W131,,,,,,,,,
W132,,,,,,,,,
W133,,,,,,,,,
W134,,,,,,,,,
W135,,,,,,,,,
W136,,,,,,,,,
W137,,,,,,,,,
W138,,,,,,,,,
W139,,,,,,,,,
W140,,,,,,,,,
W141,,,,,,,,,
W142,,,,,,,,,
W143,,,,,,,,,
W144,,,,,,,,,
W145,,,,,,,,,
W146,,,,,,,,,
W147,,,,,,,,,
W148,,,,,,,,,
W149,,,,,,,,,
W150,,,,,,,,,
W151,,,,,,,,,
W152,,,,,,,,,
W153,,,,,,,,,
W154,,,,,,,,,
W155,,,,,,,,,
W156,,,,,,,,,
W157,,,,,,,,,
W158,,,,,,,,,
W159,,,,,,,,,
W160,,,,,,,,,
W161,,,,,,,,,
W162,,,,,,,,,
W163,,,,,,,,,
W164,,,,,,,,,
W165,,,,,,,,,
W166,,,,,,,,,
W167,,,,,,,,,
W168,,,,,,,,,
W169,,,,,,,,,
W170,,,,,,,,,
W171,,,,,,,,,
W172,,,,,,,,,
W173,,,,,,,,,
W174,,,,,,,,,
W175,,,,,,,,,
W176,,,,,,,,,
W177,,,,,,,,,
W178,,,,,,,,,
W179,,,,,,,,,
W180,,,,,,,,,
W181,,,,,,,,,
W182,,,,,,,,,
W183,,,,,,,,,
W184,,,,,,,,,
W185,,,,,,,,,
W186,,,,,,,,,
W187,,,,,,,,,
W188,,,,,,,,,
W189,,,,,,,,,
W190,,,,,,,,,
W191,,,,,,,,,
W192,,,,,,,,,
W193,,,,,,,,,
W194,,,,,,,,,
W195,,,,,,,,,
W196,,,,,,,,,
W197,,,,,,,,,
W198,,,,,,,,,
W199,,,,,,,,,
W200,,,,,,,,,
W201,,,,,,,,,
W202,,,,,,,,,
W203,,,,,,,,,
W204,,,,,,,,,
W205,,,,,,,,,
W206,,,,,,,,,
W207,,,,,,,,,
W208,,,,,,,,,
W209,,,,,,,,,
W210,,,,,,,,,
W211,,,,,,,,,
W212,,,,,,,,,
W213,,,,,,,,,
W214,,,,,,,,,
W215,,,,,,,,,
W216,,,,,,,,,
W217,,,,,,,,,
W218,,,,,,,,,
W219,,,,,,,,,
W220,,,,,,,,,
W221,,,,,,,,,
W222,,,,,,,,,
W223,,,,,,,,,
W224,,,,,,,,,
W225,,,,,,,,,
W226,,,,,,,,,
W227,,,,,,,,,
W228,,,,,,,,,
W229,,,,,,,,,
W230,,,,,,,,,
W231,,,,,,,,,
W232,,,,,,,,,
W233,,,,,,,,,
W234,,,,,,,,,
W235,,,,,,,,,
W236,,,,,,,,,
W237,,,,,,,,,
W238,,,,,,,,,
W239,,,,,,,,,
W240,,,,,,,,,
W241,,,,,,,,,
W242,,,,,,,,,
W243,,,,,,,,,
W244,,,,,,,,,
W245,,,,,,,,,
W246,,,,,,,,,
W247,,,,,,,,,
W248,,,,,,,,,
W249,,,,,,,,,
W250,,,,,,,,,
W251,,,,,,,,,
W252,,,,,,,,,
W253,,,,,,,,,
W254,,,,,,,,,
W255,,,,,,,,,
W256,,,,,,,,,
W257,,,,,,,,,
W258,,,,,,,,,
W259,,,,,,,,,
W260,,,,,,,,,
W261,,,,,,,,,
W262,,,,,,,,,
W263,,,,,,,,,
W264,,,,,,,,,
W265,,,,,,,,,
W266,,,,,,,,,
W267,,,,,,,,,
W268,,,,,,,,,
W269,,,,,,,,,
W270,,,,,,,,,
W271,,,,,,,,,
W272,,,,,,,,,
W273,,,,,,,,,
W274,,,,,,,,,
W275,,,,,,,,,
W276,,,,,,,,,
W277,,,,,,,,,
W278,,,,,,,,,
W279,,,,,,,,,
W280,,,,,,,,,
W281,,,,,,,,,
W282,,,,,,,,,
W283,,,,,,,,,
W284,,,,,,,,,
W285,,,,,,,,,
W286,,,,,,,,,
W287,,,,,,,,,
W288,,,,,,,,,
W289,,,,,,,,,
W290,,,,,,,,,
W291,,,,,,,,,
W292,,,,,,,,,
W293,,,,,,,,,
W294,,,,,,,,,
W295,,,,,,,,,
W296,,,,,,,,,
W297,,,,,,,,,
W298,,,,,,,,,
W299,,,,,,,,,
W300,,,,,,,,,
W301,,,,,,,,,
W302,,,,,,,,,
W303,,,,,,,,,
W304,,,,,,,,,
W305,,,,,,,,,
W306,,,,,,,,,
W307,,,,,,,,,
W308,,,,,,,,,
W309,,,,,,,,,
W310,,,,,,,,,
W311,,,,,,,,,
W312,,,,,,,,,
W313,,,,,,,,,
W314,,,,,,,,,
W315,,,,,,,,,
W316,,,,,,,,,
W317,,,,,,,,,
W318,,,,,,,,,
W319,,,,,,,,,
W320,,,,,,,,,
W321,,,,,,,,,
W322,,,,,,,,,
W323,,,,,,,,,
W324,,,,,,,,,
W325,,,,,,,,,
W326,,,,,,,,,
W327,,,,,,,,,
W328,,,,,,,,,
W329,,,,,,,,,
W330,,,,,,,,,
W331,,,,,,,,,
W332,,,,,,,,,
W333,,,,,,,,,
W334,,,,,,,,,
W335,,,,,,,,,
W336,,,,,,,,,
W337,,,,,,,,,
W338,,,,,,,,,
W339,,,,,,,,,
W340,,,,,,,,,
W341,,,,,,,,,
W342,,,,,,,,,
W343,,,,,,,,,
W344,,,,,,,,,
W345,,,,,,,,,
W346,,,,,,,,,
W347,,,,,,,,,
W348,,,,,,,,,
W349,,,,,,,,,
W350,,,,,,,,,
W351,,,,,,,,,
W352,,,,,,,,,
W353,,,,,,,,,
W354,,,,,,,,,
W355,,,,,,,,,
W356,,,,,,,,,
W357,,,,,,,,,
W358,,,,,,,,,
W359,,,,,,,,,
W360,,,,,,,,,
W361,,,,,,,,,
W362,,,,,,,,,
W363,,,,,,,,,
W364,,,,,,,,,
W365,,,,,,,,,
W366,,,,,,,,,
W367,,,,,,,,,
W368,,,,,,,,,
W369,,,,,,,,,
W370,,,,,,,,,
W371,,,,,,,,,
W372,,,,,,,,,
W373,,,,,,,,,
W374,,,,,,,,,
W375,,,,,,,,,
W376,,,,,,,,,
W377,,,,,,,,,
W378,,,,,,,,,
W379,,,,,,,,,
W380,,,,,,,,,
W381,,,,,,,,,
W382,,,,,,,,,
W383,,,,,,,,,
W384,,,,,,,,,
W385,,,,,,,,,
W386,,,,,,,,,
W387,,,,,,,,,
W388,,,,,,,,,
W389,,,,,,,,,
W390,,,,,,,,,
W391,,,,,,,,,
W392,,,,,,,,,
W393,,,,,,,,,
W394,,,,,,,,,
W395,,,,,,,,,
W396,,,,,,,,,
W397,,,,,,,,,
W398,,,,,,,,,
W399,,,,,,,,,
W400,,,,,,,,,
W401,,,,,,,,,
W402,,,,,,,,,
W403,,,,,,,,,
W404,,,,,,,,,
W405,,,,,,,,,
W406,,,,,,,,,
W407,,,,,,,,,
W408,,,,,,,,,
W409,,,,,,,,,
W410,,,,,,,,,
W411,,,,,,,,,
W412,,,,,,,,,
W413,,,,,,,,,
W414,,,,,,,,,
W415,,,,,,,,,
W416,,,,,,,,,
W417,,,,,,,,,
W418,,,,,,,,,
W419,,,,,,,,,
W420,,,,,,,,,
W421,,,,,,,,,
W422,,,,,,,,,
W423,,,,,,,,,
W424,,,,,,,,,
W425,,,,,,,,,
W426,,,,,,,,,
W427,,,,,,,,,
W428,,,,,,,,,
W429,,,,,,,,,
W430,,,,,,,,,
W431,,,,,,,,,
W432,,,,,,,,,
W433,,,,,,,,,
W434,,,,,,,,,
W435,,,,,,,,,
W436,,,,,,,,,
W437,,,,,,,,,
W438,,,,,,,,,
W439,,,,,,,,,
W440,,,,,,,,,
W441,,,,,,,,,
W442,,,,,,,,,
W443,,,,,,,,,
W444,,,,,,,,,
W445,,,,,,,,,
W446,,,,,,,,,
W447,,,,,,,,,
W448,,,,,,,,,
W449,,,,,,,,,
W450,,,,,,,,,
W451,,,,,,,,,
W452,,,,,,,,,
W453,,,,,,,,,
W454,,,,,,,,,
W455,,,,,,,,,
W456,,,,,,,,,
W457,,,,,,,,,
W458,,,,,,,,,
W459,,,,,,,,,
W460,,,,,,,,,
W461,,,,,,,,,
W462,,,,,,,,,
W463,,,,,,,,,
W464,,,,,,,,,
W465,,,,,,,,,
W466,,,,,,,,,
W467,,,,,,,,,
W468,,,,,,,,,
W469,,,,,,,,,
W470,,,,,,,,,
W471,,,,,,,,,
W472,,,,,,,,,
W473,,,,,,,,,
W474,,,,,,,,,
W475,,,,,,,,,
W476,,,,,,,,,
W477,,,,,,,,,
W478,,,,,,,,,
W479,,,,,,,,,
W480,,,,,,,,,
W481,,,,,,,,,
W482,,,,,,,,,
W483,,,,,,,,,
W484,,,,,,,,,
W485,,,,,,,,,
W486,,,,,,,,,
W487,,,,,,,,,
W488,,,,,,,,,
W489,,,,,,,,,
W490,,,,,,,,,
W491,,,,,,,,,
W492,,,,,,,,,
W493,,,,,,,,,
W494,,,,,,,,,
W495,,,,,,,,,
W496,,,,,,,,,
W497,,,,,,,,,
W498,,,,,,,,,
W499,,,,,,,,,